Date,UserID,Product,Quantity,Price
2024-10-23T14:29:29.148Z,591,Headphones,2,155.54
2024-02-18T14:29:29.148Z,26,Smartwatch,1,272.1
2024-03-04T14:29:29.148Z,422,Smartphone,3,501.54
2024-04-13T14:29:29.148Z,670,Headphones,6,441.9
2024-09-26T14:29:29.148Z,432,Headphones,3,379.36
2024-01-28T14:29:29.148Z,138,Smartwatch,7,876.56
2024-03-04T14:29:29.148Z,466,Smartwatch,8,878.65
2024-03-29T14:29:29.148Z,484,Laptop,8,646.02
2024-09-19T14:29:29.148Z,920,Laptop,1,891.1
2024-05-15T14:29:29.148Z,23,Tablet,10,279.8
2024-11-03T14:29:29.148Z,763,Headphones,9,872.72
2024-06-11T14:29:29.148Z,737,Tablet,10,205.63
2024-08-01T14:29:29.148Z,105,Headphones,8,805.57
2024-09-23T14:29:29.148Z,816,Headphones,4,668.76
2024-09-15T14:29:29.148Z,63,Headphones,6,750.63
2023-12-20T14:29:29.148Z,829,Tablet,8,533.5
2024-02-05T14:29:29.148Z,273,Laptop,1,139.55
2024-02-04T14:29:29.148Z,380,Headphones,8,901.32
2023-11-16T14:29:29.148Z,462,Headphones,3,672.66
2024-10-08T14:29:29.148Z,415,Headphones,1,616.88
2024-01-19T14:29:29.148Z,182,Laptop,2,292.58
2024-09-04T14:29:29.148Z,449,Headphones,10,206.57
2024-06-18T14:29:29.148Z,418,Smartphone,8,699.37
2024-08-15T14:29:29.148Z,16,Smartphone,8,55.28
2024-02-20T14:29:29.148Z,755,Smartphone,9,239.87
2024-07-17T14:29:29.148Z,347,Headphones,1,313.15
2023-12-07T14:29:29.148Z,564,Smartphone,9,776.9
2024-09-17T14:29:29.148Z,384,Headphones,9,248.25
2023-11-13T14:29:29.148Z,96,Laptop,2,154.63
2024-07-26T14:29:29.148Z,199,Tablet,3,441.95
2024-01-31T14:29:29.148Z,971,Headphones,3,745.37
2024-06-27T14:29:29.148Z,725,Tablet,6,956.57
2024-09-10T14:29:29.148Z,971,Tablet,8,922.8
2023-12-10T14:29:29.148Z,877,Tablet,6,961.87
2024-03-01T14:29:29.148Z,365,Smartwatch,2,364.59
2024-06-11T14:29:29.148Z,392,Headphones,5,755.23
2024-03-26T14:29:29.148Z,38,Laptop,8,876.68
2024-09-25T14:29:29.148Z,981,Tablet,9,351.92
2024-09-25T14:29:29.148Z,611,Smartwatch,10,316.34
2024-10-08T14:29:29.148Z,705,Tablet,9,806.43
2024-09-13T14:29:29.148Z,754,Tablet,4,247.04
2023-12-21T14:29:29.148Z,84,Headphones,3,883.9
2024-09-03T14:29:29.148Z,389,Laptop,4,920.09
2024-01-18T14:29:29.148Z,758,Tablet,9,410.41
2024-09-21T14:29:29.148Z,532,Headphones,4,443.33
2024-03-13T14:29:29.148Z,332,Laptop,5,874.91
2024-08-17T14:29:29.148Z,844,Headphones,7,937.99
2023-12-09T14:29:29.148Z,597,Headphones,7,194.46
2024-02-10T14:29:29.148Z,166,Smartwatch,4,746.11
2024-05-06T14:29:29.148Z,762,Laptop,6,927.91
2024-01-06T14:29:29.148Z,45,Laptop,8,877.5
2024-03-14T14:29:29.148Z,153,Laptop,1,444.13
2024-09-09T14:29:29.148Z,504,Smartwatch,3,166.13
2024-09-09T14:29:29.148Z,308,Smartwatch,6,711.14
2024-02-29T14:29:29.148Z,630,Headphones,8,288.5
2024-02-19T14:29:29.148Z,283,Smartphone,8,488.63
2023-12-03T14:29:29.148Z,790,Laptop,1,293.96
2024-01-20T14:29:29.148Z,651,Smartwatch,5,331.22
2024-06-11T14:29:29.148Z,350,Headphones,7,958.02
2024-07-16T14:29:29.148Z,592,Smartphone,9,268.71
2024-05-17T14:29:29.148Z,689,Laptop,5,590.3
2024-02-03T14:29:29.148Z,286,Tablet,1,929.44
2024-01-13T14:29:29.148Z,284,Tablet,6,145.14
2024-06-22T14:29:29.148Z,269,Tablet,7,728.05
2023-12-05T14:29:29.148Z,660,Laptop,1,575.46
2024-08-14T14:29:29.148Z,740,Smartphone,7,552.39
2024-02-07T14:29:29.148Z,795,Laptop,7,378.88
2024-02-23T14:29:29.148Z,786,Tablet,2,352.11
2024-10-24T14:29:29.148Z,295,Laptop,4,847.38
2024-03-14T14:29:29.148Z,91,Smartwatch,9,92.42
2024-07-14T14:29:29.148Z,860,Smartwatch,9,835.75
2024-07-27T14:29:29.148Z,555,Smartwatch,4,829.94
2023-12-05T14:29:29.148Z,448,Smartphone,9,436.77
2024-08-07T14:29:29.148Z,949,Smartwatch,2,613.46
2024-08-11T14:29:29.148Z,914,Smartphone,9,207.99
2023-11-24T14:29:29.148Z,74,Tablet,4,851.67
2024-07-01T14:29:29.148Z,156,Laptop,5,945.01
2024-06-21T14:29:29.148Z,330,Smartwatch,6,575.15
2024-08-07T14:29:29.148Z,231,Headphones,8,130.4
2024-06-14T14:29:29.148Z,987,Headphones,10,586.79
2023-11-12T14:29:29.148Z,798,Smartwatch,1,832.99
2024-05-08T14:29:29.148Z,132,Laptop,1,223.44
2024-02-09T14:29:29.148Z,879,Tablet,3,791.02
2024-05-13T14:29:29.148Z,167,Laptop,4,546.03
2024-04-15T14:29:29.148Z,654,Headphones,1,233.89
2024-06-27T14:29:29.148Z,228,Smartphone,9,365.16
2024-01-29T14:29:29.148Z,954,Smartphone,2,886.16
2024-02-10T14:29:29.148Z,500,Tablet,9,389.66
2024-11-02T14:29:29.148Z,201,Smartwatch,5,108.6
2024-01-08T14:29:29.148Z,688,Tablet,2,327.0
2024-04-05T14:29:29.148Z,992,Laptop,3,743.25
2024-06-14T14:29:29.148Z,542,Tablet,3,222.7
2024-01-21T14:29:29.148Z,530,Smartphone,8,321.14
2023-12-14T14:29:29.148Z,54,Smartwatch,5,169.19
2024-05-09T14:29:29.148Z,848,Smartwatch,10,292.56
2024-04-12T14:29:29.148Z,375,Laptop,8,161.57
2024-09-03T14:29:29.148Z,170,Tablet,6,864.83
2024-05-10T14:29:29.148Z,875,Smartwatch,10,898.45
2024-04-18T14:29:29.148Z,234,Smartwatch,9,648.09
2023-11-14T14:29:29.148Z,102,Tablet,3,482.77
2024-05-13T14:29:29.148Z,927,Smartphone,9,216.53
2024-04-11T14:29:29.148Z,765,Smartwatch,9,720.24
2023-11-09T14:29:29.148Z,119,Headphones,10,206.45
2023-12-16T14:29:29.148Z,763,Tablet,10,530.62
2024-05-31T14:29:29.148Z,357,Headphones,3,606.12
2024-09-25T14:29:29.148Z,41,Tablet,2,656.55
2024-06-03T14:29:29.148Z,756,Smartwatch,6,206.84
2024-09-06T14:29:29.148Z,757,Tablet,3,958.96
2023-11-20T14:29:29.148Z,143,Smartphone,8,60.04
2024-11-04T14:29:29.148Z,399,Headphones,5,512.1
2023-11-17T14:29:29.148Z,479,Headphones,3,744.27
2024-08-09T14:29:29.148Z,896,Headphones,1,917.63
2024-03-05T14:29:29.148Z,440,Headphones,9,960.91
2024-04-26T14:29:29.148Z,997,Smartwatch,6,607.99
2023-12-21T14:29:29.148Z,856,Headphones,4,638.62
2024-10-04T14:29:29.148Z,664,Laptop,10,303.66
2024-04-08T14:29:29.148Z,197,Smartwatch,9,348.23
2024-07-25T14:29:29.148Z,720,Headphones,5,95.99
2024-10-17T14:29:29.148Z,880,Headphones,5,756.85
2024-04-24T14:29:29.148Z,750,Headphones,8,701.54
2023-11-30T14:29:29.148Z,986,Headphones,4,421.03
2024-01-22T14:29:29.148Z,74,Laptop,5,412.52
2024-03-18T14:29:29.148Z,318,Smartwatch,8,729.87
2024-07-27T14:29:29.148Z,475,Smartwatch,2,556.85
2024-02-25T14:29:29.148Z,76,Smartphone,2,602.08
2024-05-14T14:29:29.148Z,5,Tablet,10,618.56
2024-07-06T14:29:29.148Z,102,Laptop,9,429.8
2024-09-29T14:29:29.148Z,350,Headphones,3,506.23
2024-05-30T14:29:29.148Z,136,Smartphone,5,243.48
2024-02-18T14:29:29.148Z,296,Smartphone,7,143.23
2024-07-03T14:29:29.148Z,566,Tablet,8,532.6
2024-08-06T14:29:29.148Z,456,Tablet,2,306.38
2024-06-13T14:29:29.148Z,934,Tablet,2,987.85
2023-11-18T14:29:29.148Z,972,Tablet,3,388.77
2023-11-12T14:29:29.148Z,17,Smartphone,9,123.74
2024-06-08T14:29:29.148Z,962,Smartphone,2,168.41
2024-09-24T14:29:29.148Z,894,Smartphone,3,676.47
2024-05-07T14:29:29.148Z,731,Smartwatch,5,879.78
2024-04-05T14:29:29.148Z,555,Tablet,3,167.51
2024-10-06T14:29:29.148Z,651,Laptop,4,66.52
2024-07-14T14:29:29.148Z,590,Laptop,7,989.44
2024-04-19T14:29:29.148Z,309,Tablet,9,783.21
2024-01-05T14:29:29.148Z,3,Smartphone,5,488.49
2024-05-16T14:29:29.148Z,990,Smartphone,1,104.9
2024-08-07T14:29:29.148Z,232,Smartwatch,8,816.13
2024-10-17T14:29:29.148Z,582,Headphones,5,475.28
2024-07-31T14:29:29.148Z,480,Laptop,5,490.26
2024-02-15T14:29:29.148Z,326,Tablet,2,91.99
2023-12-07T14:29:29.148Z,276,Headphones,7,437.47
2023-12-15T14:29:29.148Z,544,Tablet,2,303.01
2024-05-17T14:29:29.148Z,819,Tablet,9,51.09
2024-06-30T14:29:29.148Z,120,Smartwatch,7,521.78
2024-08-11T14:29:29.148Z,230,Smartphone,10,560.93
2024-07-19T14:29:29.148Z,229,Tablet,2,996.68
2024-07-20T14:29:29.148Z,711,Smartphone,4,507.38
2024-02-03T14:29:29.148Z,670,Smartphone,6,434.59
2024-06-08T14:29:29.148Z,887,Smartwatch,7,940.59
2024-09-10T14:29:29.148Z,192,Laptop,1,866.29
2024-07-16T14:29:29.148Z,438,Headphones,5,57.68
2024-02-13T14:29:29.148Z,974,Smartwatch,2,767.4
2024-03-13T14:29:29.148Z,994,Headphones,10,581.79
2024-01-14T14:29:29.148Z,238,Smartwatch,7,59.06
2024-07-05T14:29:29.148Z,226,Smartwatch,7,504.37
2024-09-08T14:29:29.148Z,199,Laptop,8,630.41
2024-05-04T14:29:29.148Z,365,Headphones,2,285.85
2024-04-27T14:29:29.148Z,197,Headphones,3,935.63
2024-04-28T14:29:29.148Z,891,Laptop,10,841.93
2023-11-29T14:29:29.148Z,754,Laptop,10,357.12
2024-02-02T14:29:29.148Z,150,Tablet,1,374.33
2024-01-17T14:29:29.148Z,311,Tablet,9,144.87
2024-01-01T14:29:29.148Z,558,Smartphone,8,217.87
2024-08-30T14:29:29.148Z,403,Tablet,3,972.75
2024-08-26T14:29:29.148Z,825,Smartphone,4,515.33
2024-04-28T14:29:29.148Z,105,Headphones,6,66.48
2024-02-02T14:29:29.148Z,975,Headphones,3,724.47
2024-02-11T14:29:29.148Z,478,Smartwatch,4,150.05
2024-07-01T14:29:29.148Z,287,Smartphone,9,120.41
2024-09-23T14:29:29.148Z,30,Headphones,4,793.62
2023-11-12T14:29:29.148Z,904,Laptop,10,951.66
2023-12-16T14:29:29.148Z,401,Smartphone,3,238.36
2023-11-11T14:29:29.148Z,952,Headphones,2,424.71
2024-01-11T14:29:29.148Z,927,Smartwatch,9,501.95
2024-01-26T14:29:29.148Z,766,Smartphone,6,72.88
2023-11-05T14:29:29.148Z,541,Laptop,2,766.56
2024-10-12T14:29:29.148Z,688,Laptop,10,189.98
2023-11-10T14:29:29.148Z,631,Smartphone,9,224.64
2024-08-01T14:29:29.148Z,715,Tablet,10,473.14
2024-10-29T14:29:29.148Z,125,Laptop,8,409.55
2024-01-08T14:29:29.148Z,654,Tablet,3,163.69
2024-05-19T14:29:29.148Z,315,Smartwatch,5,731.08
2023-12-27T14:29:29.148Z,20,Laptop,10,192.86
2024-08-07T14:29:29.148Z,370,Headphones,8,249.55
2024-05-17T14:29:29.148Z,3,Tablet,10,456.25
2024-10-01T14:29:29.148Z,739,Tablet,8,787.24
2023-12-12T14:29:29.148Z,365,Laptop,4,636.32
2024-02-17T14:29:29.148Z,651,Laptop,3,710.97
2024-02-13T14:29:29.148Z,539,Smartwatch,8,587.36
2024-10-09T14:29:29.148Z,46,Smartwatch,7,438.83
2024-10-18T14:29:29.148Z,830,Headphones,5,783.39
2024-08-10T14:29:29.148Z,323,Headphones,3,251.82
2023-11-21T14:29:29.148Z,738,Smartphone,2,797.27
2024-03-09T14:29:29.148Z,126,Laptop,2,441.0
2024-03-10T14:29:29.148Z,135,Smartwatch,10,449.87
2024-08-10T14:29:29.148Z,525,Headphones,10,637.57
2024-04-22T14:29:29.148Z,771,Tablet,1,351.83
2024-10-10T14:29:29.148Z,681,Headphones,4,884.05
2024-10-24T14:29:29.148Z,345,Headphones,10,391.65
2024-03-13T14:29:29.148Z,270,Laptop,10,272.05
2024-09-15T14:29:29.148Z,430,Laptop,10,727.14
2024-06-26T14:29:29.148Z,177,Smartwatch,4,594.14
2024-05-06T14:29:29.148Z,964,Headphones,2,803.56
2024-02-09T14:29:29.148Z,654,Headphones,2,771.06
2024-07-27T14:29:29.148Z,80,Tablet,10,536.39
2024-08-08T14:29:29.148Z,845,Smartphone,5,240.62
2024-10-28T14:29:29.148Z,124,Headphones,2,394.19
2024-01-08T14:29:29.148Z,372,Smartwatch,10,946.0
2024-03-22T14:29:29.148Z,56,Tablet,9,942.83
2024-08-25T14:29:29.148Z,187,Headphones,1,586.92
2023-11-25T14:29:29.148Z,537,Headphones,7,590.79
2024-09-08T14:29:29.148Z,961,Tablet,9,271.36
2023-11-25T14:29:29.148Z,371,Smartwatch,5,77.54
2024-07-04T14:29:29.148Z,865,Laptop,3,564.39
2024-07-01T14:29:29.148Z,1000,Headphones,3,346.15
2024-02-21T14:29:29.148Z,365,Smartphone,10,761.12
2024-07-12T14:29:29.148Z,512,Smartwatch,8,769.98
2024-05-16T14:29:29.148Z,854,Smartwatch,4,829.76
2024-02-13T14:29:29.148Z,604,Smartphone,10,592.85
2024-08-12T14:29:29.148Z,738,Tablet,6,361.21
2024-01-07T14:29:29.148Z,473,Tablet,1,901.0
2024-02-09T14:29:29.148Z,349,Smartwatch,9,78.69
2024-04-28T14:29:29.148Z,966,Smartphone,8,857.84
2024-07-10T14:29:29.148Z,386,Smartwatch,6,946.89
2024-05-16T14:29:29.148Z,669,Smartphone,9,995.35
2023-11-12T14:29:29.148Z,792,Smartphone,8,314.53
2024-03-11T14:29:29.148Z,714,Smartphone,9,508.88
2023-12-24T14:29:29.148Z,236,Laptop,10,977.35
2024-01-24T14:29:29.148Z,342,Laptop,6,842.14
2023-12-25T14:29:29.148Z,685,Laptop,2,115.42
2024-10-23T14:29:29.148Z,677,Laptop,8,73.84
2024-05-31T14:29:29.148Z,64,Laptop,1,738.08
2024-04-22T14:29:29.148Z,698,Smartphone,6,398.53
2023-12-14T14:29:29.148Z,232,Laptop,1,443.68
2023-12-23T14:29:29.148Z,773,Headphones,1,93.34
2023-11-27T14:29:29.148Z,242,Headphones,4,797.76
2024-02-22T14:29:29.148Z,138,Smartwatch,3,759.49
2024-01-28T14:29:29.148Z,249,Tablet,3,613.13
2023-11-12T14:29:29.148Z,257,Smartphone,1,806.83
2024-05-10T14:29:29.148Z,539,Tablet,3,964.37
2024-05-23T14:29:29.148Z,659,Smartwatch,1,572.65
2023-11-13T14:29:29.148Z,844,Laptop,5,810.81
2024-10-13T14:29:29.148Z,755,Laptop,5,231.05
2024-05-13T14:29:29.148Z,423,Laptop,8,555.21
2024-08-19T14:29:29.148Z,239,Tablet,3,769.02
2024-05-01T14:29:29.148Z,572,Laptop,3,613.32
2024-07-01T14:29:29.148Z,122,Tablet,1,167.45
2024-02-27T14:29:29.148Z,435,Headphones,8,738.06
2024-09-01T14:29:29.148Z,419,Laptop,1,655.54
2024-08-03T14:29:29.148Z,626,Tablet,3,668.19
2024-05-02T14:29:29.148Z,314,Smartphone,8,858.58
2024-09-11T14:29:29.148Z,350,Smartphone,7,846.21
2024-10-11T14:29:29.148Z,184,Tablet,1,136.41
2024-01-17T14:29:29.148Z,823,Headphones,5,545.26
2024-04-16T14:29:29.148Z,315,Smartwatch,2,856.17
2023-11-24T14:29:29.148Z,3,Laptop,2,434.69
2024-01-20T14:29:29.148Z,553,Smartwatch,10,711.67
2024-07-30T14:29:29.148Z,344,Laptop,9,501.56
2024-10-26T14:29:29.148Z,983,Headphones,3,202.51
2024-04-22T14:29:29.148Z,449,Smartphone,9,422.24
2024-10-26T14:29:29.148Z,366,Smartwatch,6,267.67
2024-02-01T14:29:29.148Z,477,Headphones,8,85.41
2024-03-08T14:29:29.148Z,220,Laptop,10,790.95
2023-11-18T14:29:29.148Z,999,Smartwatch,8,541.33
2024-08-11T14:29:29.148Z,572,Headphones,4,548.65
2024-07-25T14:29:29.148Z,641,Laptop,3,919.48
2024-11-01T14:29:29.148Z,712,Tablet,1,591.1
2024-04-03T14:29:29.148Z,901,Smartwatch,10,332.79
2023-12-30T14:29:29.148Z,834,Smartphone,7,788.36
2024-06-12T14:29:29.148Z,798,Laptop,3,316.63
2024-06-10T14:29:29.148Z,339,Smartwatch,10,701.97
2024-06-06T14:29:29.148Z,92,Laptop,1,500.77
2024-01-31T14:29:29.148Z,479,Smartphone,1,800.27
2024-01-03T14:29:29.148Z,98,Smartphone,6,797.17
2024-09-16T14:29:29.148Z,126,Smartwatch,3,733.66
2024-09-01T14:29:29.148Z,927,Smartwatch,5,110.07
2024-06-01T14:29:29.148Z,56,Smartwatch,9,279.39
2024-09-28T14:29:29.148Z,89,Smartphone,3,82.22
2024-10-08T14:29:29.148Z,569,Laptop,2,603.12
2024-01-22T14:29:29.148Z,427,Laptop,1,483.9
2024-05-27T14:29:29.148Z,496,Smartwatch,4,121.25
2024-08-15T14:29:29.148Z,630,Headphones,7,506.46
2024-05-10T14:29:29.148Z,843,Laptop,3,809.28
2024-01-31T14:29:29.148Z,783,Smartphone,10,494.21
2024-03-04T14:29:29.148Z,348,Smartwatch,7,848.88
2024-08-16T14:29:29.148Z,195,Headphones,9,562.9
2024-05-24T14:29:29.148Z,239,Headphones,7,533.31
2024-08-21T14:29:29.148Z,398,Smartwatch,10,795.98
2024-05-29T14:29:29.148Z,659,Tablet,10,853.07
2023-12-11T14:29:29.148Z,367,Tablet,1,756.88
2024-03-31T14:29:29.148Z,655,Headphones,10,366.06
2024-04-16T14:29:29.148Z,159,Smartwatch,9,693.75
2024-02-07T14:29:29.148Z,437,Laptop,6,180.82
2024-10-09T14:29:29.148Z,999,Smartwatch,9,577.0
2024-10-07T14:29:29.148Z,407,Headphones,10,385.12
2023-11-18T14:29:29.148Z,986,Tablet,2,301.4
2023-11-23T14:29:29.148Z,923,Tablet,4,522.89
2024-05-10T14:29:29.148Z,850,Smartwatch,10,511.96
2024-04-21T14:29:29.148Z,687,Laptop,5,930.09
2024-08-25T14:29:29.148Z,529,Headphones,5,91.4
2023-12-24T14:29:29.148Z,403,Laptop,7,673.69
2023-12-29T14:29:29.148Z,310,Tablet,3,708.94
2024-06-09T14:29:29.148Z,978,Smartwatch,2,710.9
2024-08-14T14:29:29.148Z,192,Laptop,3,120.24
2024-05-03T14:29:29.148Z,497,Laptop,4,543.82
2024-10-28T14:29:29.148Z,498,Tablet,1,986.15
2023-12-16T14:29:29.148Z,426,Smartwatch,7,581.44
2024-10-26T14:29:29.148Z,407,Smartwatch,10,89.72
2024-03-20T14:29:29.148Z,923,Smartwatch,6,339.17
2024-01-06T14:29:29.148Z,740,Smartwatch,5,837.96
2024-10-24T14:29:29.148Z,253,Smartwatch,7,740.66
2024-10-23T14:29:29.148Z,29,Smartphone,1,262.11
2024-03-26T14:29:29.148Z,443,Tablet,6,164.59
2024-06-26T14:29:29.148Z,498,Headphones,2,562.62
2024-10-02T14:29:29.148Z,204,Smartphone,9,77.48
2023-12-13T14:29:29.148Z,571,Smartphone,3,524.15
2023-11-29T14:29:29.148Z,578,Headphones,3,578.59
2024-03-10T14:29:29.148Z,564,Tablet,5,218.15
2024-01-23T14:29:29.148Z,310,Smartphone,2,231.7
2024-07-16T14:29:29.148Z,599,Headphones,4,329.02
2024-05-22T14:29:29.148Z,220,Laptop,7,137.24
2024-03-17T14:29:29.148Z,129,Headphones,9,548.0
2024-01-06T14:29:29.148Z,15,Smartwatch,5,479.6
2024-07-04T14:29:29.148Z,979,Laptop,8,787.83
2024-07-14T14:29:29.148Z,143,Headphones,5,123.08
2023-11-28T14:29:29.148Z,637,Smartphone,1,727.87
2024-04-26T14:29:29.148Z,471,Smartwatch,10,942.41
2024-05-21T14:29:29.148Z,632,Tablet,10,129.62
2024-07-25T14:29:29.148Z,159,Smartphone,7,376.7
2024-09-28T14:29:29.148Z,355,Laptop,2,557.5
2024-06-29T14:29:29.148Z,20,Laptop,3,57.39
2024-05-15T14:29:29.148Z,602,Smartwatch,10,723.51
2024-07-13T14:29:29.148Z,302,Tablet,1,861.05
2024-06-06T14:29:29.148Z,753,Smartphone,1,143.06
2023-12-19T14:29:29.148Z,141,Smartphone,7,343.28
2023-12-16T14:29:29.148Z,231,Smartwatch,9,614.24
2024-09-13T14:29:29.148Z,735,Laptop,7,172.85
2024-10-11T14:29:29.148Z,983,Laptop,2,505.17
2023-12-25T14:29:29.148Z,10,Smartphone,9,799.89
2023-11-13T14:29:29.148Z,52,Smartphone,9,146.59
2024-03-09T14:29:29.148Z,62,Laptop,6,213.23
2024-08-09T14:29:29.148Z,297,Tablet,8,867.26
2023-11-30T14:29:29.148Z,166,Smartphone,2,192.57
2024-06-14T14:29:29.148Z,106,Smartwatch,9,692.2
2024-09-15T14:29:29.148Z,301,Tablet,2,187.95
2024-08-09T14:29:29.148Z,634,Smartphone,9,272.97
2023-12-23T14:29:29.148Z,457,Laptop,1,53.52
2024-08-17T14:29:29.148Z,57,Smartphone,9,639.71
2024-10-04T14:29:29.148Z,963,Tablet,10,131.83
2024-02-25T14:29:29.148Z,236,Laptop,5,613.69
2023-11-21T14:29:29.148Z,490,Smartphone,4,883.35
2024-05-16T14:29:29.148Z,215,Headphones,4,519.44
2024-01-20T14:29:29.148Z,122,Tablet,2,822.99
2024-04-14T14:29:29.148Z,992,Smartphone,1,146.62
2024-07-19T14:29:29.148Z,455,Laptop,5,436.52
2024-07-16T14:29:29.148Z,22,Laptop,6,987.77
2024-04-16T14:29:29.148Z,114,Laptop,3,456.36
2024-07-01T14:29:29.148Z,210,Headphones,7,254.2
2024-07-15T14:29:29.148Z,571,Smartphone,4,231.83
2024-06-18T14:29:29.148Z,148,Smartwatch,10,807.39
2024-03-22T14:29:29.148Z,828,Tablet,2,545.79
2023-12-24T14:29:29.148Z,697,Smartphone,10,773.56
2024-01-15T14:29:29.148Z,605,Tablet,6,347.71
2024-07-20T14:29:29.148Z,310,Tablet,9,441.19
2024-01-01T14:29:29.148Z,297,Tablet,10,603.74
2024-08-31T14:29:29.148Z,838,Laptop,1,914.56
2023-12-30T14:29:29.148Z,491,Headphones,7,153.16
2024-04-29T14:29:29.148Z,191,Laptop,4,165.49
2024-05-07T14:29:29.148Z,943,Smartphone,1,907.54
2024-01-28T14:29:29.148Z,894,Headphones,1,412.98
2024-08-24T14:29:29.148Z,56,Laptop,7,428.32
2024-03-15T14:29:29.148Z,211,Laptop,3,84.91
2024-03-22T14:29:29.148Z,460,Laptop,8,770.91
2024-10-04T14:29:29.148Z,686,Smartwatch,9,80.06
2024-09-20T14:29:29.148Z,292,Smartphone,2,251.96
2023-11-09T14:29:29.148Z,706,Headphones,7,830.68
2024-02-10T14:29:29.148Z,252,Laptop,7,255.26
2024-09-25T14:29:29.148Z,423,Smartwatch,4,549.36
2023-12-16T14:29:29.148Z,9,Smartwatch,4,884.45
2024-02-08T14:29:29.148Z,377,Tablet,4,271.61
2024-10-22T14:29:29.148Z,931,Headphones,9,657.24
2024-02-04T14:29:29.148Z,797,Tablet,3,916.37
2024-02-20T14:29:29.148Z,316,Smartwatch,8,586.85
2024-08-10T14:29:29.148Z,112,Tablet,6,408.15
2024-10-21T14:29:29.148Z,8,Smartwatch,9,688.44
2023-12-17T14:29:29.148Z,807,Headphones,7,599.3
2024-04-15T14:29:29.148Z,513,Tablet,10,294.26
2024-04-05T14:29:29.148Z,177,Smartwatch,5,419.13
2023-12-09T14:29:29.148Z,660,Laptop,8,435.95
2024-04-19T14:29:29.148Z,465,Headphones,1,647.73
2024-06-17T14:29:29.148Z,1,Smartphone,7,82.38
2024-01-29T14:29:29.148Z,444,Headphones,4,747.35
2024-01-11T14:29:29.148Z,212,Tablet,3,364.03
2024-01-19T14:29:29.148Z,937,Tablet,3,194.23
2024-03-31T14:29:29.148Z,406,Headphones,6,847.75
2024-08-20T14:29:29.148Z,370,Headphones,1,331.29
2024-04-27T14:29:29.148Z,247,Tablet,7,481.82
2023-12-05T14:29:29.148Z,47,Laptop,4,161.7
2024-02-14T14:29:29.148Z,777,Tablet,8,992.25
2024-03-21T14:29:29.148Z,160,Laptop,10,615.61
2023-11-16T14:29:29.148Z,1000,Headphones,8,255.53
2024-06-11T14:29:29.148Z,92,Tablet,7,229.76
2024-08-25T14:29:29.148Z,424,Laptop,8,210.92
2024-05-26T14:29:29.148Z,502,Laptop,10,196.58
2024-06-23T14:29:29.148Z,106,Headphones,8,545.32
2024-06-12T14:29:29.148Z,878,Tablet,10,450.34
2024-06-27T14:29:29.148Z,990,Laptop,9,756.86
2024-01-07T14:29:29.148Z,171,Smartwatch,7,864.35
2023-11-24T14:29:29.148Z,766,Smartphone,5,320.97
2024-06-05T14:29:29.148Z,19,Tablet,3,130.64
2024-07-15T14:29:29.148Z,787,Tablet,8,612.36
2024-05-11T14:29:29.148Z,526,Smartphone,9,110.6
2024-02-17T14:29:29.148Z,679,Laptop,8,277.87
2024-03-01T14:29:29.148Z,912,Laptop,7,97.0
2024-09-30T14:29:29.148Z,17,Headphones,2,624.22
2024-03-17T14:29:29.148Z,21,Tablet,5,85.86
2024-05-27T14:29:29.148Z,829,Laptop,10,496.76
2024-10-02T14:29:29.148Z,868,Smartwatch,5,448.41
2024-05-09T14:29:29.148Z,438,Smartwatch,1,503.15
2024-01-11T14:29:29.148Z,860,Tablet,7,862.08
2023-11-10T14:29:29.148Z,777,Tablet,3,164.35
2024-05-30T14:29:29.148Z,382,Laptop,6,145.36
2024-10-05T14:29:29.148Z,300,Laptop,9,161.52
2024-10-06T14:29:29.148Z,749,Smartphone,2,278.43
2024-10-12T14:29:29.148Z,29,Headphones,9,711.86
2024-08-05T14:29:29.148Z,553,Smartphone,8,381.65
2024-01-24T14:29:29.148Z,70,Laptop,8,527.94
2023-11-22T14:29:29.148Z,307,Tablet,3,96.15
2024-08-26T14:29:29.148Z,24,Tablet,7,208.51
2023-11-06T14:29:29.148Z,303,Laptop,9,75.31
2024-08-30T14:29:29.148Z,200,Smartphone,2,477.63
2024-03-26T14:29:29.148Z,606,Smartwatch,7,531.53
2024-08-31T14:29:29.148Z,88,Smartwatch,1,572.15
2024-03-03T14:29:29.148Z,911,Smartwatch,6,835.88
2023-12-25T14:29:29.148Z,635,Smartphone,3,63.19
2024-07-11T14:29:29.148Z,198,Headphones,9,914.37
2024-02-02T14:29:29.148Z,311,Headphones,7,119.4
2024-02-24T14:29:29.148Z,894,Tablet,2,849.08
2024-01-23T14:29:29.148Z,874,Smartphone,4,606.69
2024-01-12T14:29:29.148Z,43,Smartphone,3,779.36
2024-09-23T14:29:29.148Z,714,Tablet,7,429.59
2024-08-08T14:29:29.148Z,853,Headphones,5,790.77
2023-11-30T14:29:29.148Z,48,Smartwatch,1,496.47
2024-10-28T14:29:29.148Z,122,Tablet,5,320.59
2024-10-19T14:29:29.148Z,58,Laptop,5,579.87
2024-01-26T14:29:29.148Z,451,Laptop,4,387.84
2024-08-06T14:29:29.148Z,113,Headphones,5,200.47
2023-11-22T14:29:29.148Z,896,Tablet,10,551.78
2024-08-02T14:29:29.148Z,767,Smartphone,6,671.36
2024-04-04T14:29:29.148Z,721,Smartphone,7,619.24
2024-06-20T14:29:29.148Z,526,Headphones,6,478.68
2024-01-25T14:29:29.148Z,649,Smartwatch,3,337.34
2024-09-03T14:29:29.148Z,310,Tablet,6,362.92
2024-06-21T14:29:29.148Z,486,Headphones,4,793.44
2024-02-13T14:29:29.148Z,963,Smartwatch,1,704.62
2024-05-14T14:29:29.148Z,376,Tablet,5,312.5
2024-07-22T14:29:29.148Z,71,Headphones,10,480.85
2024-10-03T14:29:29.148Z,169,Smartphone,7,848.35
2024-07-17T14:29:29.148Z,589,Headphones,9,277.06
2024-07-04T14:29:29.148Z,915,Laptop,8,849.6
2024-06-29T14:29:29.148Z,838,Headphones,9,913.01
2024-11-03T14:29:29.148Z,673,Smartphone,4,415.99
2024-07-17T14:29:29.148Z,752,Laptop,1,75.99
2024-02-03T14:29:29.148Z,82,Smartphone,5,823.17
2024-03-11T14:29:29.148Z,988,Laptop,8,574.05
2023-11-18T14:29:29.148Z,901,Smartwatch,10,86.25
2024-09-22T14:29:29.148Z,945,Tablet,8,637.02
2024-05-25T14:29:29.148Z,697,Headphones,7,443.78
2024-03-28T14:29:29.148Z,793,Tablet,5,415.63
2023-12-10T14:29:29.148Z,382,Laptop,1,118.8
2024-07-27T14:29:29.148Z,83,Tablet,6,114.95
2024-11-04T14:29:29.148Z,942,Smartphone,2,262.74
2024-08-04T14:29:29.148Z,389,Tablet,4,852.02
2023-11-25T14:29:29.148Z,461,Smartphone,8,225.88
2024-01-13T14:29:29.148Z,464,Headphones,6,110.66
2024-09-08T14:29:29.148Z,855,Laptop,10,448.5
2024-02-08T14:29:29.148Z,670,Smartwatch,5,585.27
2024-05-01T14:29:29.148Z,413,Smartphone,7,937.83
2024-10-10T14:29:29.148Z,35,Smartwatch,9,91.88
2024-01-03T14:29:29.148Z,827,Laptop,6,547.32
2023-12-05T14:29:29.148Z,769,Tablet,6,861.51
2024-10-22T14:29:29.148Z,284,Laptop,10,910.22
2024-03-18T14:29:29.148Z,321,Tablet,9,370.21
2024-07-22T14:29:29.148Z,327,Laptop,10,884.1
2024-01-22T14:29:29.148Z,564,Headphones,10,393.49
2023-11-12T14:29:29.148Z,708,Smartphone,10,945.04
2024-01-22T14:29:29.148Z,109,Smartphone,4,948.16
2024-07-24T14:29:29.148Z,286,Headphones,4,490.66
2024-08-25T14:29:29.148Z,848,Smartphone,9,469.62
2024-04-16T14:29:29.148Z,423,Smartphone,6,811.49
2024-05-08T14:29:29.148Z,436,Laptop,1,578.15
2023-12-22T14:29:29.148Z,646,Laptop,1,440.68
2024-04-06T14:29:29.148Z,387,Headphones,4,393.19
2024-04-12T14:29:29.148Z,473,Smartphone,10,752.06
2024-09-03T14:29:29.148Z,188,Smartphone,5,345.49
2023-12-05T14:29:29.148Z,485,Smartwatch,5,106.34
2024-09-28T14:29:29.148Z,448,Headphones,5,488.42
2024-03-29T14:29:29.148Z,144,Smartphone,8,297.04
2024-04-02T14:29:29.148Z,81,Smartwatch,5,765.79
2024-07-29T14:29:29.148Z,340,Smartphone,2,75.39
2024-08-22T14:29:29.148Z,45,Headphones,8,402.28
2024-09-23T14:29:29.148Z,964,Headphones,3,256.78
2023-12-09T14:29:29.148Z,36,Smartwatch,1,998.89
2024-01-26T14:29:29.148Z,701,Smartwatch,10,392.65
2024-03-29T14:29:29.148Z,375,Laptop,7,485.61
2024-06-23T14:29:29.148Z,602,Tablet,10,251.77
2024-08-04T14:29:29.148Z,43,Laptop,3,199.33
2024-09-29T14:29:29.148Z,146,Headphones,1,498.04
2024-01-27T14:29:29.148Z,155,Headphones,7,281.34
2024-08-03T14:29:29.148Z,858,Tablet,7,669.17
2024-09-13T14:29:29.148Z,664,Headphones,4,416.3
2024-09-04T14:29:29.148Z,732,Smartphone,8,105.11
2023-11-07T14:29:29.148Z,153,Smartphone,8,467.34
2024-01-28T14:29:29.148Z,560,Tablet,3,641.4
2024-04-30T14:29:29.148Z,379,Smartphone,7,653.15
2024-08-03T14:29:29.148Z,533,Tablet,7,369.35
2024-06-30T14:29:29.148Z,715,Tablet,4,403.21
2024-05-22T14:29:29.148Z,342,Smartwatch,5,479.8
2023-12-08T14:29:29.148Z,225,Smartphone,7,918.97
2024-08-02T14:29:29.148Z,972,Tablet,9,894.76
2024-02-03T14:29:29.148Z,753,Headphones,7,674.91
2023-11-28T14:29:29.148Z,61,Laptop,4,103.51
2023-12-21T14:29:29.148Z,195,Laptop,9,597.06
2024-01-06T14:29:29.148Z,615,Headphones,10,674.36
2024-10-29T14:29:29.148Z,297,Smartphone,10,877.74
2024-06-29T14:29:29.148Z,988,Headphones,8,757.02
2024-07-11T14:29:29.148Z,73,Headphones,6,580.73
2024-10-10T14:29:29.148Z,510,Headphones,6,660.25
2024-06-09T14:29:29.148Z,219,Headphones,7,695.73
2024-05-27T14:29:29.148Z,381,Laptop,8,710.19
2024-08-12T14:29:29.148Z,246,Smartphone,6,890.8
2024-04-06T14:29:29.148Z,705,Smartwatch,2,815.45
2024-02-04T14:29:29.148Z,850,Smartwatch,8,957.42
2024-10-01T14:29:29.148Z,541,Laptop,1,871.15
2024-08-09T14:29:29.148Z,58,Headphones,7,820.06
2024-03-27T14:29:29.148Z,537,Smartwatch,1,756.41
2024-10-17T14:29:29.148Z,699,Headphones,1,138.02
2023-11-17T14:29:29.148Z,75,Smartwatch,10,290.6
2024-05-04T14:29:29.148Z,25,Smartwatch,5,528.18
2024-09-01T14:29:29.148Z,816,Smartwatch,3,570.8
2024-09-02T14:29:29.148Z,581,Smartwatch,7,462.25
2024-08-01T14:29:29.148Z,608,Tablet,3,125.31
2024-02-07T14:29:29.148Z,570,Headphones,10,445.27
2024-01-22T14:29:29.148Z,639,Tablet,1,527.76
2024-04-29T14:29:29.148Z,64,Headphones,1,753.88
2024-06-03T14:29:29.148Z,884,Tablet,3,625.69
2023-11-16T14:29:29.148Z,599,Smartphone,8,361.33
2024-02-23T14:29:29.148Z,124,Smartwatch,3,668.66
2024-05-17T14:29:29.148Z,154,Smartwatch,3,372.8
2023-12-13T14:29:29.148Z,122,Smartwatch,9,660.94
2023-11-28T14:29:29.148Z,423,Laptop,3,844.72
2024-09-20T14:29:29.148Z,848,Smartwatch,8,320.18
2024-05-12T14:29:29.148Z,987,Tablet,4,122.77
2024-02-14T14:29:29.148Z,368,Smartphone,9,734.2
2024-05-19T14:29:29.148Z,238,Smartwatch,2,958.22
2023-11-28T14:29:29.148Z,205,Smartwatch,8,113.68
2024-09-12T14:29:29.148Z,968,Tablet,10,845.23
2024-05-08T14:29:29.148Z,58,Headphones,3,858.86
2024-10-09T14:29:29.148Z,998,Smartwatch,6,916.28
2024-10-26T14:29:29.148Z,370,Tablet,1,296.68
2024-04-27T14:29:29.148Z,490,Smartwatch,3,429.52
2024-05-15T14:29:29.148Z,59,Tablet,1,341.22
2023-11-30T14:29:29.148Z,198,Headphones,7,77.44
2024-09-18T14:29:29.148Z,393,Smartphone,6,60.17
2024-11-04T14:29:29.148Z,811,Tablet,3,132.18
2024-09-30T14:29:29.148Z,88,Headphones,1,361.81
2024-02-03T14:29:29.148Z,312,Smartphone,4,320.57
2024-10-31T14:29:29.148Z,134,Tablet,2,648.34
2024-01-19T14:29:29.148Z,741,Laptop,2,543.52
2024-03-14T14:29:29.148Z,776,Tablet,1,842.36
2024-02-23T14:29:29.148Z,477,Smartphone,1,490.2
2024-07-06T14:29:29.148Z,514,Laptop,3,351.41
2024-04-12T14:29:29.148Z,460,Smartphone,5,224.39
2024-05-14T14:29:29.148Z,312,Smartphone,3,552.11
2024-01-04T14:29:29.148Z,141,Laptop,7,559.03
2024-07-14T14:29:29.148Z,951,Tablet,9,165.06
2024-05-06T14:29:29.148Z,558,Smartphone,1,51.13
2024-11-02T14:29:29.148Z,515,Tablet,6,295.91
2024-07-31T14:29:29.148Z,776,Smartwatch,6,651.4
2024-08-14T14:29:29.148Z,759,Headphones,3,439.53
2024-03-07T14:29:29.148Z,314,Tablet,9,315.58
2024-01-27T14:29:29.148Z,581,Smartwatch,5,768.29
2023-11-18T14:29:29.148Z,452,Smartphone,4,480.51
2024-03-30T14:29:29.148Z,759,Laptop,6,448.28
2024-10-05T14:29:29.148Z,840,Smartphone,3,391.97
2024-09-06T14:29:29.148Z,84,Tablet,10,409.91
2024-07-19T14:29:29.148Z,819,Tablet,10,921.01
2024-01-13T14:29:29.148Z,312,Tablet,9,256.75
2024-04-29T14:29:29.148Z,241,Smartphone,5,442.59
2024-07-29T14:29:29.148Z,676,Smartphone,3,973.53
2024-01-09T14:29:29.148Z,397,Smartwatch,8,577.93
2023-12-16T14:29:29.148Z,311,Laptop,5,945.99
2023-12-14T14:29:29.148Z,112,Smartwatch,1,709.76
2024-07-24T14:29:29.148Z,256,Headphones,3,272.84
2024-09-04T14:29:29.148Z,347,Laptop,5,945.38
2024-09-22T14:29:29.148Z,302,Smartphone,6,96.45
2024-09-09T14:29:29.148Z,31,Laptop,3,987.45
2024-02-29T14:29:29.148Z,790,Smartphone,1,471.92
2024-04-28T14:29:29.148Z,448,Tablet,4,663.02
2023-11-18T14:29:29.148Z,2,Headphones,8,409.26
2024-05-28T14:29:29.148Z,497,Tablet,9,57.39
2024-03-02T14:29:29.148Z,142,Smartwatch,5,386.45
2024-11-04T14:29:29.148Z,451,Tablet,3,537.57
2024-07-13T14:29:29.148Z,923,Smartwatch,1,708.5
2024-10-26T14:29:29.148Z,312,Headphones,1,199.0
2024-05-14T14:29:29.148Z,711,Tablet,8,697.46
2024-07-31T14:29:29.148Z,758,Tablet,10,442.38
2024-10-19T14:29:29.148Z,362,Smartphone,9,61.21
2024-08-16T14:29:29.148Z,48,Smartwatch,2,703.39
2024-06-05T14:29:29.148Z,202,Tablet,9,325.12
2024-07-22T14:29:29.148Z,473,Tablet,10,768.43
2024-07-30T14:29:29.148Z,761,Laptop,8,312.19
2024-06-30T14:29:29.148Z,405,Smartwatch,2,626.75
2023-12-22T14:29:29.148Z,605,Tablet,4,419.95
2024-04-21T14:29:29.148Z,899,Headphones,4,169.3
2024-05-04T14:29:29.148Z,135,Smartwatch,4,942.65
2024-01-06T14:29:29.148Z,596,Headphones,2,857.97
2024-09-10T14:29:29.148Z,434,Headphones,10,125.96
2024-01-25T14:29:29.148Z,71,Headphones,8,422.71
2024-06-08T14:29:29.148Z,343,Smartwatch,10,320.84
2023-11-18T14:29:29.148Z,447,Headphones,7,422.44
2024-08-27T14:29:29.148Z,999,Headphones,7,422.48
2024-05-02T14:29:29.148Z,41,Smartphone,6,366.76
2023-12-30T14:29:29.148Z,746,Smartwatch,10,369.1
2023-11-30T14:29:29.148Z,255,Tablet,10,766.86
2024-02-15T14:29:29.148Z,73,Tablet,7,931.98
2023-12-15T14:29:29.148Z,798,Laptop,4,113.26
2024-05-18T14:29:29.148Z,391,Tablet,9,838.25
2024-05-04T14:29:29.148Z,372,Headphones,3,513.93
2024-03-08T14:29:29.148Z,836,Smartphone,2,516.27
2024-01-03T14:29:29.148Z,415,Laptop,3,129.62
2024-06-23T14:29:29.148Z,323,Tablet,3,476.12
2024-04-21T14:29:29.148Z,6,Headphones,9,837.94
2023-11-17T14:29:29.148Z,175,Tablet,1,802.56
2024-04-19T14:29:29.148Z,930,Smartwatch,4,949.55
2023-12-31T14:29:29.148Z,716,Tablet,1,108.38
2024-02-26T14:29:29.148Z,345,Smartwatch,6,368.68
2024-08-22T14:29:29.148Z,382,Smartwatch,10,272.5
2024-05-15T14:29:29.148Z,545,Tablet,1,814.71
2024-02-28T14:29:29.148Z,361,Tablet,5,361.08
2023-11-11T14:29:29.148Z,683,Smartwatch,9,184.09
2024-03-12T14:29:29.148Z,710,Tablet,10,79.24
2024-03-06T14:29:29.148Z,43,Smartwatch,2,897.71
2024-01-31T14:29:29.148Z,889,Tablet,7,428.98
2024-01-12T14:29:29.148Z,682,Smartwatch,3,89.21
2024-05-30T14:29:29.148Z,663,Smartwatch,1,761.51
2024-07-15T14:29:29.148Z,616,Headphones,9,781.52
2024-03-05T14:29:29.148Z,665,Laptop,9,198.23
2024-04-09T14:29:29.148Z,32,Smartphone,7,697.29
2023-12-20T14:29:29.148Z,485,Tablet,4,875.7
2024-08-27T14:29:29.148Z,322,Headphones,3,126.76
2024-03-27T14:29:29.148Z,191,Laptop,10,524.26
2024-02-22T14:29:29.148Z,678,Smartwatch,4,272.8
2024-07-20T14:29:29.148Z,41,Laptop,5,598.76
2024-07-11T14:29:29.148Z,903,Headphones,10,284.03
2024-08-24T14:29:29.148Z,836,Smartphone,8,217.38
2023-11-23T14:29:29.148Z,190,Laptop,3,625.09
2024-09-14T14:29:29.148Z,44,Tablet,9,734.09
2023-11-12T14:29:29.148Z,730,Tablet,4,807.61
2024-07-27T14:29:29.148Z,360,Headphones,1,605.14
2024-05-18T14:29:29.148Z,2,Headphones,10,288.26
2024-03-09T14:29:29.148Z,901,Laptop,6,544.26
2024-08-12T14:29:29.148Z,17,Tablet,10,673.91
2024-05-01T14:29:29.148Z,793,Laptop,9,811.07
2024-07-30T14:29:29.148Z,163,Tablet,5,607.06
2023-12-19T14:29:29.148Z,633,Laptop,4,549.6
2023-12-09T14:29:29.148Z,796,Laptop,8,803.23
2024-08-08T14:29:29.148Z,932,Tablet,9,894.52
2024-09-07T14:29:29.148Z,477,Tablet,5,634.41
2024-09-12T14:29:29.148Z,361,Smartphone,5,816.85
2023-12-15T14:29:29.148Z,887,Headphones,5,795.23
2024-08-14T14:29:29.148Z,444,Tablet,6,343.3
2023-11-07T14:29:29.148Z,117,Headphones,4,768.84
2024-02-04T14:29:29.148Z,570,Headphones,2,342.12
2024-05-05T14:29:29.148Z,859,Laptop,3,145.0
2024-07-13T14:29:29.148Z,42,Tablet,10,909.18
2023-12-31T14:29:29.148Z,298,Smartwatch,7,318.59
2024-08-10T14:29:29.148Z,756,Laptop,9,874.78
2024-09-24T14:29:29.148Z,583,Tablet,7,418.41
2024-04-24T14:29:29.148Z,52,Tablet,10,631.96
2024-10-01T14:29:29.148Z,4,Smartwatch,10,570.0
2024-04-19T14:29:29.148Z,316,Laptop,3,480.38
2024-09-10T14:29:29.148Z,223,Headphones,4,809.97
2024-01-25T14:29:29.148Z,934,Smartphone,10,843.99
2024-04-22T14:29:29.148Z,875,Tablet,10,298.65
2024-02-07T14:29:29.148Z,222,Smartphone,1,937.71
2024-07-06T14:29:29.148Z,27,Tablet,2,555.26
2023-12-21T14:29:29.148Z,485,Smartphone,8,66.21
2023-12-27T14:29:29.148Z,865,Smartwatch,8,641.75
2024-04-21T14:29:29.148Z,932,Headphones,5,859.53
2023-12-26T14:29:29.148Z,589,Laptop,4,186.61
2024-05-03T14:29:29.148Z,624,Tablet,7,277.72
2024-09-08T14:29:29.148Z,826,Tablet,1,278.68
2024-05-24T14:29:29.148Z,920,Smartwatch,7,55.97
2024-03-07T14:29:29.148Z,827,Headphones,2,86.11
2024-07-27T14:29:29.148Z,215,Laptop,8,387.63
2023-11-10T14:29:29.148Z,142,Tablet,4,479.8
2024-10-04T14:29:29.148Z,575,Smartwatch,8,741.28
2024-04-03T14:29:29.148Z,632,Smartphone,2,593.71
2024-10-03T14:29:29.148Z,480,Smartwatch,6,151.84
2023-11-25T14:29:29.148Z,582,Laptop,9,54.73
2024-05-14T14:29:29.148Z,495,Tablet,5,766.55
2024-10-10T14:29:29.148Z,776,Smartphone,3,996.3
2024-02-01T14:29:29.148Z,14,Smartphone,7,382.05
2024-03-30T14:29:29.148Z,723,Headphones,1,139.73
2024-02-05T14:29:29.148Z,328,Laptop,5,226.83
2023-11-30T14:29:29.148Z,54,Laptop,10,400.09
2024-05-03T14:29:29.148Z,936,Headphones,2,789.04
2024-05-07T14:29:29.148Z,492,Laptop,5,920.12
2023-12-30T14:29:29.148Z,84,Smartwatch,10,741.36
2023-12-19T14:29:29.148Z,748,Smartwatch,2,766.82
2024-08-18T14:29:29.148Z,638,Smartphone,4,393.74
2024-06-15T14:29:29.148Z,472,Smartphone,5,898.2
2024-01-12T14:29:29.148Z,195,Laptop,3,468.07
2024-01-17T14:29:29.148Z,679,Headphones,1,872.89
2024-07-23T14:29:29.148Z,310,Smartwatch,3,68.11
2024-04-02T14:29:29.148Z,685,Tablet,2,423.52
2024-08-26T14:29:29.148Z,753,Smartphone,4,190.87
2024-08-07T14:29:29.148Z,458,Headphones,6,304.4
2023-12-29T14:29:29.148Z,79,Smartphone,8,669.01
2024-11-04T14:29:29.148Z,291,Tablet,7,344.01
2024-02-04T14:29:29.148Z,504,Smartwatch,2,791.69
2024-08-25T14:29:29.148Z,831,Laptop,2,285.51
2024-01-03T14:29:29.148Z,566,Smartwatch,8,487.6
2024-01-07T14:29:29.148Z,400,Tablet,4,787.7
2024-04-02T14:29:29.148Z,656,Smartwatch,2,929.28
2024-10-11T14:29:29.148Z,98,Smartwatch,5,596.93
2024-01-03T14:29:29.148Z,887,Headphones,5,663.61
2024-05-14T14:29:29.148Z,434,Smartwatch,7,386.97
2024-04-26T14:29:29.148Z,231,Smartphone,2,453.52
2024-03-25T14:29:29.148Z,750,Smartphone,6,173.36
2024-10-24T14:29:29.148Z,264,Smartwatch,4,537.15
2023-12-07T14:29:29.148Z,680,Tablet,3,651.89
2024-01-21T14:29:29.148Z,654,Smartphone,9,502.18
2023-11-18T14:29:29.148Z,5,Headphones,3,300.53
2024-04-03T14:29:29.148Z,303,Smartwatch,6,274.28
2024-07-16T14:29:29.148Z,989,Smartwatch,7,500.48
2024-06-06T14:29:29.148Z,848,Smartphone,1,84.24
2024-02-12T14:29:29.148Z,138,Smartphone,2,664.25
2024-09-20T14:29:29.148Z,618,Smartphone,10,855.15
2024-05-17T14:29:29.148Z,739,Tablet,4,778.78
2023-12-03T14:29:29.148Z,106,Tablet,3,751.55
2024-04-23T14:29:29.148Z,506,Headphones,6,519.55
2024-02-04T14:29:29.148Z,941,Headphones,4,974.46
2024-10-17T14:29:29.148Z,510,Tablet,5,871.36
2024-04-07T14:29:29.148Z,471,Smartwatch,1,85.99
2024-01-08T14:29:29.148Z,547,Tablet,1,534.76
2024-05-09T14:29:29.148Z,327,Headphones,2,606.9
2024-02-10T14:29:29.148Z,905,Tablet,2,922.5
2024-03-25T14:29:29.148Z,558,Laptop,7,963.97
2024-09-01T14:29:29.148Z,370,Smartphone,9,510.35
2024-11-03T14:29:29.148Z,116,Tablet,10,596.53
2024-02-12T14:29:29.148Z,412,Laptop,6,194.05
2024-06-06T14:29:29.148Z,591,Headphones,4,351.94
2023-12-27T14:29:29.148Z,527,Headphones,7,627.94
2024-10-01T14:29:29.148Z,50,Headphones,6,634.66
2023-11-06T14:29:29.148Z,142,Smartwatch,6,569.47
2024-02-22T14:29:29.148Z,141,Smartphone,2,265.24
2024-09-12T14:29:29.148Z,831,Smartphone,9,315.45
2024-07-20T14:29:29.148Z,63,Smartwatch,3,184.51
2024-04-10T14:29:29.148Z,781,Smartphone,7,128.63
2024-04-02T14:29:29.148Z,350,Smartwatch,9,455.83
2023-12-19T14:29:29.148Z,610,Smartphone,3,311.8
2024-06-24T14:29:29.148Z,243,Laptop,7,821.45
2023-11-09T14:29:29.148Z,135,Smartphone,3,834.99
2024-08-23T14:29:29.148Z,995,Smartphone,7,514.69
2024-02-02T14:29:29.148Z,918,Smartphone,9,303.55
2024-03-20T14:29:29.148Z,37,Tablet,2,881.25
2024-01-24T14:29:29.148Z,223,Tablet,6,152.37
2024-04-05T14:29:29.148Z,720,Smartphone,8,213.6
2024-03-14T14:29:29.148Z,422,Smartwatch,2,554.9
2024-09-18T14:29:29.148Z,919,Smartwatch,3,342.32
2023-11-09T14:29:29.148Z,4,Tablet,3,155.83
2024-02-10T14:29:29.148Z,734,Smartwatch,5,846.36
2024-05-07T14:29:29.148Z,339,Headphones,3,958.53
2024-09-03T14:29:29.148Z,414,Smartwatch,7,518.12
2023-11-15T14:29:29.148Z,325,Smartwatch,8,920.09
2024-05-03T14:29:29.148Z,327,Smartphone,3,473.21
2024-08-08T14:29:29.148Z,297,Smartwatch,3,125.52
2024-09-01T14:29:29.148Z,682,Smartwatch,5,598.53
2023-11-13T14:29:29.148Z,118,Laptop,9,721.65
2024-10-10T14:29:29.148Z,586,Smartwatch,2,382.15
2024-03-19T14:29:29.148Z,430,Laptop,7,851.33
2024-09-20T14:29:29.148Z,985,Smartphone,4,518.76
2024-03-10T14:29:29.148Z,844,Smartphone,8,788.38
2024-05-26T14:29:29.148Z,895,Smartphone,8,74.03
2024-04-27T14:29:29.148Z,227,Smartphone,4,128.72
2023-11-14T14:29:29.148Z,168,Smartphone,10,124.34
2024-07-06T14:29:29.148Z,179,Smartwatch,1,659.39
2023-11-21T14:29:29.148Z,885,Headphones,1,580.93
2024-03-15T14:29:29.148Z,238,Headphones,4,56.63
2023-12-25T14:29:29.148Z,908,Headphones,8,682.92
2024-10-05T14:29:29.148Z,690,Smartphone,2,101.59
2024-03-30T14:29:29.148Z,90,Tablet,1,554.78
2024-02-07T14:29:29.148Z,18,Laptop,9,371.76
2023-12-14T14:29:29.148Z,103,Headphones,7,394.77
2024-05-09T14:29:29.148Z,25,Laptop,8,220.26
2024-07-09T14:29:29.148Z,172,Smartwatch,7,256.0
2023-11-23T14:29:29.148Z,835,Tablet,6,427.11
2024-07-04T14:29:29.148Z,728,Smartphone,2,829.23
2024-08-01T14:29:29.148Z,963,Smartphone,10,133.25
2024-09-01T14:29:29.148Z,815,Smartwatch,7,367.73
2024-02-25T14:29:29.148Z,62,Smartphone,9,379.6
2023-11-10T14:29:29.148Z,720,Smartphone,7,957.88
2024-11-03T14:29:29.148Z,575,Laptop,1,431.89
2024-03-05T14:29:29.148Z,965,Laptop,1,736.65
2024-05-03T14:29:29.148Z,720,Headphones,7,359.49
2024-05-22T14:29:29.148Z,676,Headphones,9,759.52
2024-02-27T14:29:29.148Z,619,Tablet,9,484.45
2024-10-23T14:29:29.148Z,820,Tablet,7,411.28
2024-01-04T14:29:29.148Z,5,Smartphone,2,857.01
2024-05-08T14:29:29.148Z,367,Smartwatch,4,744.83
2024-02-07T14:29:29.148Z,414,Smartwatch,1,995.81
2024-03-26T14:29:29.148Z,711,Tablet,5,389.09
2024-05-08T14:29:29.148Z,217,Smartphone,6,355.89
2024-02-27T14:29:29.148Z,479,Laptop,9,99.93
2023-11-27T14:29:29.148Z,678,Headphones,3,451.12
2024-06-13T14:29:29.148Z,632,Smartphone,1,825.03
2024-02-28T14:29:29.148Z,847,Headphones,2,220.38
2024-06-11T14:29:29.148Z,106,Smartphone,3,624.27
2023-12-04T14:29:29.148Z,582,Tablet,2,355.9
2023-11-24T14:29:29.148Z,246,Tablet,7,995.66
2023-11-25T14:29:29.148Z,742,Smartphone,8,967.35
2024-10-27T14:29:29.148Z,54,Laptop,7,345.39
2024-10-29T14:29:29.148Z,108,Smartphone,1,801.32
2024-09-20T14:29:29.148Z,758,Headphones,3,443.67
2023-12-08T14:29:29.148Z,110,Smartwatch,3,288.65
2024-09-21T14:29:29.148Z,220,Laptop,9,206.83
2023-11-30T14:29:29.148Z,229,Tablet,8,685.08
2023-11-29T14:29:29.148Z,533,Laptop,4,512.84
2024-05-01T14:29:29.148Z,422,Tablet,9,770.71
2024-04-10T14:29:29.148Z,450,Smartwatch,1,256.0
2024-01-03T14:29:29.148Z,236,Smartphone,9,555.94
2024-05-06T14:29:29.148Z,199,Smartwatch,7,924.23
2024-02-08T14:29:29.148Z,377,Smartwatch,10,938.55
2023-11-11T14:29:29.148Z,850,Laptop,1,576.89
2024-03-26T14:29:29.148Z,581,Smartphone,7,409.69
2024-03-08T14:29:29.148Z,872,Headphones,7,732.52
2024-07-17T14:29:29.148Z,465,Smartphone,7,622.29
2024-06-26T14:29:29.148Z,704,Tablet,1,379.93
2024-04-18T14:29:29.148Z,570,Smartwatch,8,656.47
2024-05-29T14:29:29.148Z,688,Headphones,10,60.0
2023-12-06T14:29:29.148Z,43,Headphones,9,921.62
2024-03-07T14:29:29.148Z,362,Headphones,1,853.03
2024-05-02T14:29:29.148Z,335,Headphones,9,864.75
2024-03-22T14:29:29.148Z,97,Smartwatch,7,634.12
2024-01-31T14:29:29.148Z,487,Tablet,7,623.71
2024-07-15T14:29:29.148Z,135,Smartwatch,7,166.44
2024-10-24T14:29:29.148Z,98,Headphones,7,833.16
2024-08-23T14:29:29.148Z,587,Smartphone,7,736.83
2024-08-11T14:29:29.148Z,523,Laptop,1,491.41
2024-09-07T14:29:29.148Z,433,Tablet,4,413.31
2024-08-09T14:29:29.148Z,642,Tablet,6,896.44
2023-12-24T14:29:29.148Z,630,Laptop,6,253.17
2024-07-08T14:29:29.148Z,925,Smartwatch,8,786.45
2024-08-07T14:29:29.148Z,460,Tablet,2,762.39
2024-06-27T14:29:29.148Z,750,Smartphone,4,842.99
2024-09-29T14:29:29.148Z,64,Headphones,1,543.53
2024-10-31T14:29:29.148Z,237,Headphones,2,705.19
2024-08-22T14:29:29.148Z,500,Smartphone,9,522.12
2024-08-22T14:29:29.148Z,56,Smartphone,2,195.63
2024-08-15T14:29:29.148Z,733,Smartwatch,10,413.62
2024-08-28T14:29:29.148Z,348,Laptop,6,196.97
2024-10-28T14:29:29.148Z,969,Smartphone,7,780.79
2024-01-24T14:29:29.148Z,597,Headphones,5,679.77
2024-05-24T14:29:29.148Z,494,Smartwatch,10,981.3
2024-04-19T14:29:29.148Z,713,Smartwatch,9,573.25
2024-01-28T14:29:29.148Z,638,Laptop,5,606.56
2024-10-04T14:29:29.148Z,592,Smartwatch,10,939.69
2024-02-04T14:29:29.148Z,825,Smartphone,8,274.86
2024-02-04T14:29:29.148Z,685,Laptop,8,153.5
2023-12-10T14:29:29.148Z,212,Tablet,4,870.4
2024-02-22T14:29:29.148Z,823,Smartphone,7,858.0
2024-08-11T14:29:29.148Z,34,Smartwatch,1,578.06
2024-05-31T14:29:29.148Z,498,Smartwatch,2,709.63
2024-04-18T14:29:29.148Z,596,Laptop,6,623.47
2024-09-08T14:29:29.148Z,40,Smartphone,5,439.62
2024-01-25T14:29:29.148Z,284,Smartwatch,1,602.94
2024-02-01T14:29:29.148Z,933,Smartphone,9,928.66
2024-09-06T14:29:29.148Z,474,Headphones,2,578.83
2024-06-28T14:29:29.148Z,807,Smartphone,4,647.91
2024-04-14T14:29:29.148Z,787,Headphones,1,608.6
2024-03-24T14:29:29.148Z,305,Smartwatch,5,881.68
2024-05-15T14:29:29.148Z,82,Headphones,2,985.0
2024-05-31T14:29:29.148Z,571,Headphones,6,863.86
2024-06-13T14:29:29.148Z,823,Tablet,5,866.98
2023-12-07T14:29:29.148Z,923,Tablet,3,864.22
2024-05-06T14:29:29.148Z,682,Tablet,1,320.83
2024-07-04T14:29:29.148Z,466,Headphones,9,223.96
2024-04-06T14:29:29.148Z,604,Headphones,6,663.0
2024-05-13T14:29:29.148Z,483,Headphones,6,186.96
2024-04-02T14:29:29.148Z,946,Laptop,9,156.19
2023-11-27T14:29:29.148Z,3,Headphones,10,987.78
2023-12-17T14:29:29.148Z,74,Smartwatch,3,747.48
2024-02-22T14:29:29.148Z,647,Laptop,4,69.47
2024-02-25T14:29:29.148Z,945,Headphones,1,791.87
2024-04-07T14:29:29.148Z,930,Laptop,1,556.13
2024-10-08T14:29:29.148Z,77,Headphones,1,433.28
2024-03-14T14:29:29.148Z,300,Laptop,2,138.1
2024-01-18T14:29:29.148Z,295,Smartphone,6,139.18
2024-05-06T14:29:29.148Z,545,Smartwatch,4,687.16
2024-08-15T14:29:29.148Z,540,Laptop,2,635.52
2024-05-08T14:29:29.148Z,462,Headphones,7,565.86
2024-09-24T14:29:29.148Z,209,Tablet,10,782.12
2024-01-16T14:29:29.148Z,303,Smartwatch,1,865.19
2024-04-19T14:29:29.148Z,137,Tablet,3,369.63
2024-01-07T14:29:29.148Z,796,Laptop,1,470.61
2024-05-12T14:29:29.148Z,80,Headphones,2,647.93
2024-01-10T14:29:29.148Z,57,Smartwatch,8,494.52
2024-01-08T14:29:29.148Z,377,Smartphone,3,693.48
2024-03-03T14:29:29.148Z,401,Headphones,4,828.67
2024-10-28T14:29:29.148Z,607,Smartphone,2,423.84
2024-04-15T14:29:29.148Z,717,Smartphone,9,516.73
2024-02-19T14:29:29.148Z,597,Smartwatch,4,129.71
2024-06-01T14:29:29.148Z,754,Tablet,4,348.02
2024-08-13T14:29:29.148Z,387,Headphones,10,135.82
2024-02-12T14:29:29.148Z,943,Smartphone,6,917.17
2024-09-29T14:29:29.148Z,835,Smartphone,9,553.37
2024-01-30T14:29:29.148Z,777,Laptop,3,94.59
2024-05-09T14:29:29.148Z,958,Smartphone,3,710.19
2024-04-15T14:29:29.148Z,974,Smartphone,3,416.94
2024-09-24T14:29:29.148Z,556,Tablet,6,213.3
2024-04-16T14:29:29.148Z,48,Laptop,3,187.03
2024-03-26T14:29:29.148Z,295,Smartwatch,3,898.55
2024-07-02T14:29:29.148Z,995,Headphones,4,170.86
2023-12-01T14:29:29.148Z,582,Headphones,4,972.11
2024-03-28T14:29:29.148Z,877,Laptop,1,531.7
2024-02-18T14:29:29.148Z,168,Tablet,4,169.47
2024-08-10T14:29:29.148Z,631,Smartwatch,5,698.88
2024-08-17T14:29:29.148Z,828,Smartwatch,1,96.55
2024-10-10T14:29:29.148Z,414,Smartphone,6,613.33
2024-04-30T14:29:29.148Z,107,Smartphone,7,477.08
2024-03-31T14:29:29.148Z,361,Laptop,9,907.09
2024-01-21T14:29:29.148Z,763,Smartwatch,4,248.57
2024-01-20T14:29:29.148Z,145,Smartphone,7,653.82
2024-10-25T14:29:29.148Z,101,Smartphone,6,944.98
2024-07-19T14:29:29.148Z,582,Laptop,10,160.51
2024-06-08T14:29:29.148Z,930,Headphones,8,62.17
2024-02-13T14:29:29.148Z,800,Smartwatch,9,919.94
2024-07-30T14:29:29.148Z,293,Smartphone,8,254.31
2023-12-31T14:29:29.148Z,180,Headphones,5,788.52
2023-12-04T14:29:29.148Z,711,Headphones,1,675.53
2024-09-04T14:29:29.148Z,93,Headphones,5,653.8
2024-03-30T14:29:29.148Z,967,Tablet,6,241.85
2024-02-22T14:29:29.148Z,673,Smartwatch,3,618.04
2024-01-30T14:29:29.148Z,327,Smartphone,10,955.01
2024-06-21T14:29:29.148Z,15,Headphones,2,402.97
2024-06-26T14:29:29.148Z,991,Smartwatch,3,957.68
2024-03-11T14:29:29.148Z,598,Headphones,10,462.3
2024-03-02T14:29:29.148Z,816,Tablet,5,574.41
2024-07-29T14:29:29.148Z,154,Tablet,8,608.94
2024-04-17T14:29:29.148Z,874,Smartphone,5,141.97
2024-07-22T14:29:29.148Z,365,Laptop,2,499.76
2024-09-19T14:29:29.148Z,643,Smartphone,4,872.35
2024-06-29T14:29:29.148Z,422,Laptop,10,123.6
2024-01-17T14:29:29.148Z,801,Headphones,2,733.22
2024-11-01T14:29:29.148Z,146,Smartphone,7,667.52
2024-04-24T14:29:29.148Z,251,Laptop,5,921.85
2023-11-10T14:29:29.148Z,181,Tablet,3,299.28
2023-11-12T14:29:29.148Z,138,Headphones,7,859.15
2023-12-26T14:29:29.148Z,939,Laptop,2,359.51
2024-03-17T14:29:29.148Z,926,Smartwatch,4,548.26
2024-07-22T14:29:29.148Z,784,Smartphone,9,583.19
2024-10-16T14:29:29.148Z,51,Laptop,7,404.48
2024-03-10T14:29:29.148Z,401,Tablet,8,536.52
2024-01-28T14:29:29.148Z,735,Smartphone,1,676.94
2024-09-29T14:29:29.148Z,824,Headphones,9,357.17
2024-08-12T14:29:29.148Z,786,Headphones,10,548.4
2023-12-12T14:29:29.148Z,834,Laptop,9,554.83
2024-09-26T14:29:29.148Z,326,Laptop,5,346.74
2023-11-11T14:29:29.148Z,915,Smartphone,6,280.25
2024-03-20T14:29:29.148Z,675,Smartphone,6,509.77
2024-08-16T14:29:29.148Z,145,Laptop,6,480.95
2024-09-04T14:29:29.148Z,193,Smartwatch,3,125.17
2024-04-25T14:29:29.148Z,271,Smartphone,3,459.63
2023-12-09T14:29:29.148Z,200,Headphones,6,135.03
2024-09-21T14:29:29.148Z,293,Headphones,8,870.62
2024-09-26T14:29:29.148Z,732,Tablet,2,183.8
2024-04-28T14:29:29.148Z,425,Smartphone,9,467.39
2023-12-05T14:29:29.148Z,774,Smartwatch,10,582.22
2024-07-30T14:29:29.148Z,300,Tablet,10,57.57
2024-03-07T14:29:29.148Z,427,Smartwatch,1,742.88
2024-09-18T14:29:29.148Z,530,Smartwatch,6,477.01
2024-01-07T14:29:29.148Z,996,Headphones,2,90.76
2024-03-23T14:29:29.148Z,654,Laptop,4,294.8
2024-03-07T14:29:29.148Z,279,Tablet,3,560.47
2024-08-06T14:29:29.148Z,858,Smartwatch,10,872.32
2024-04-20T14:29:29.148Z,881,Headphones,4,598.9
2023-12-12T14:29:29.148Z,693,Headphones,1,871.11
2024-09-02T14:29:29.148Z,579,Smartwatch,6,154.58
2024-01-11T14:29:29.148Z,38,Smartphone,1,985.34
2024-03-15T14:29:29.148Z,269,Tablet,3,462.67
